Sprint Name,Sprint Start Date
2026 Q1 S1,	Thu, Jan 08
2026 Q1 S2,	Thu, Jan 22
2026 Q1 S3,	Thu, Feb 05
2026 Q1 S4,	Thu, Feb 19
2026 Q1 S5,	Thu, Mar 05
2026 Q1 S6,	Thu, Mar 19
2026 Q2 S1,	Thu, Apr 02
2026 Q2 S2,	Thu, Apr 16
2026 Q2 S3,	Thu, Apr 30
2026 Q2 S4,	Thu, May 14
2026 Q2 S5,	Thu, May 28
2026 Q2 S6,	Thu, Jun 11
2026 Q2 S7,	Thu, Jun 25
2026 Q3 S1,	Thu, Jul 09
2026 Q3 S2,	Thu, Jul 23
2026 Q3 S3,	Thu, Aug 06
2026 Q3 S4,	Thu, Aug 20
2026 Q3 S5,	Thu, Sep 03
2026 Q3 S6,	Thu, Sep 17
2026 Q4 S1,	Thu, Oct 01
2026 Q4 S2,	Thu, Oct 15
2026 Q4 S3,	Thu, Oct 29
2026 Q4 S4,	Thu, Nov 12
2026 Q4 S5,	Thu, Nov 26
2026 Q4 S6,	Thu, Dec 10

